0,2.15
0.2,2.191803431172329
0.4,2.208843900873636
0.6000000000000001,2.206588694827593
0.8,2.193567156436329
1,2.179749274843213
1.2,2.174682286424817
1.4,2.185711741138087
1.6,2.216598588410915
1.8,2.266774739706221
2,2.331368282294856
2.2,2.401995400411991
2.4,2.468182425156785
2.6,2.519171519037839
2.8,2.545796418241355
3,2.542102073784618
3.2,2.506426146641283
3.4,2.441753461579942
3.6,2.355280526044203
3.8,2.257264179382023
4,2.159352554437064
4.2,2.072686239925134
4.4,2.006097240638479
4.600000000000001,1.964716145722816
4.800000000000001,1.949226824168838
5,1.955895331109234
5.2,1.97736510864924
5.4,2.004077397704034
5.600000000000001,2.026067189464375
5.800000000000001,2.034819909918119
6,2.024863667480395
6.2,1.994818099829132
6.4,1.947715595155643
6.600000000000001,1.890537461910739
6.800000000000001,1.833044433016758
7,1.786103927593116
7.2,1.759804361568828
7.4,1.761684216968321
7.600000000000001,1.795384036126926
7.800000000000001,1.859956390810829
8,1.949954888632983
8.200000000000001,2.056288226340389
8.4,2.167692649599677
8.6,2.272568982823667
8.800000000000001,2.360867277606991
9,2.425694060256047
9.200000000000001,2.464365536027031
9.4,2.478726517905051
9.600000000000001,2.474682530779365
9.800000000000001,2.461029302588318
